tid,lid,bio,start_date,end_date
1,68,Historic Lagoon Trip,2024-06-29,2024-07-11
2,35,Calm Creek Trip,2024-02-01,2024-03-01
3,59,Epic Plaza Trip,2024-12-31,2025-01-08
4,69,Panoramic Plateau Trip,2024-02-21,2024-03-17
5,21,Divine Falls Trip,2024-04-26,2024-05-13
6,54,Ancient Resort Trip,2024-06-12,2024-06-27
7,48,Charming Thoroughfare Trip,2024-04-02,2024-04-14
8,27,Picturesque Route Trip,2024-10-01,2024-10-18
9,35,Gentle Barrens Trip,2024-04-01,2024-04-29
10,11,Fantastic Estuary Trip,2024-12-19,2025-01-15
11,29,Idyllic Creek Trip,2024-11-02,2024-11-04
12,25,Grand Promenade Trip,2024-04-05,2024-04-29
13,82,Captivating Square Trip,2024-10-02,2024-10-08
14,51,Vivid Tundra Trip,2024-12-31,2025-01-18
15,74,Romantic Lane Trip,2024-06-24,2024-06-25
16,11,Vibrant Bay Trip,2024-05-24,2024-06-20
17,3,Legendary Crag Trip,2024-01-13,2024-01-21
18,93,Cultural Crag Trip,2024-11-28,2024-12-23
19,3,Picturesque Inlet Trip,2024-03-05,2024-03-11
20,26,Mystical Prairie Trip,2024-06-24,2024-07-16
21,35,Mystical Thoroughfare Trip,2024-07-21,2024-08-02
22,32,Mystic Gulf Trip,2024-03-24,2024-03-28
23,81,Vivid Reef Trip,2024-12-11,2024-12-17
24,40,Spectacular Cove Trip,2024-04-30,2024-05-21
25,58,Exquisite Canyon Trip,2024-03-31,2024-04-03
26,18,Idyllic Promenade Trip,2024-03-13,2024-03-18
27,12,Romantic Cove Trip,2024-01-11,2024-01-16
28,66,Enigmatic Garden Trip,2024-08-16,2024-09-13
29,61,Exquisite Forest Trip,2024-03-02,2024-03-12
30,87,Ancient Reserve Trip,2024-05-17,2024-05-31
31,45,Quaint Promenade Trip,2024-02-15,2024-02-29
32,82,Majestic Mountain Trip,2024-05-30,2024-06-29
33,93,Enchanted Swamp Trip,2024-04-10,2024-04-21
34,23,Calm Biosphere Trip,2024-11-24,2024-12-24
35,27,Legendary Coast Trip,2024-05-15,2024-06-05
36,46,Remote Thoroughfare Trip,2024-02-09,2024-02-13
37,69,Bustling Crag Trip,2024-09-28,2024-10-23
38,5,Historic Lagoon Trip,2024-01-21,2024-02-04
39,12,Refreshing Square Trip,2024-07-17,2024-07-22
40,10,Lush Tundra Trip,2024-11-03,2024-11-10
41,75,Historic Swamp Trip,2024-12-06,2024-12-24
42,26,Calm Marsh Trip,2024-11-06,2024-12-01
43,59,Mystical Gulf Trip,2024-11-22,2024-12-13
44,68,Rustic Sanctuary Trip,2024-06-16,2024-07-12
45,6,Blissful Marsh Trip,2024-02-26,2024-03-23
46,56,Solitary Trail Trip,2024-02-11,2024-03-10
47,87,Glistening Inlet Trip,2024-11-27,2024-12-05
48,61,Soothing Sound Trip,2024-04-17,2024-04-23
49,21,Exquisite Village Trip,2024-06-27,2024-07-10
50,83,Legendary Ranch Trip,2024-06-20,2024-06-26
51,46,Vibrant Plain Trip,2024-11-04,2024-11-17
52,76,Secret Jungle Trip,2024-07-25,2024-08-02
53,41,Whimsical Waterfall Trip,2024-03-23,2024-04-22
54,30,Soothing Pathway Trip,2024-02-26,2024-03-18
55,74,Heavenly Village Trip,2024-01-31,2024-02-27
56,43,Serendipitous Countryside Trip,2024-06-18,2024-07-03
57,56,Rustic Taiga Trip,2024-08-02,2024-08-03
58,84,Dazzling Island Trip,2024-03-23,2024-03-29
59,22,Peaceful Dunes Trip,2024-02-09,2024-03-08
60,78,Curious Pond Trip,2024-05-13,2024-05-17
61,85,Mystical Prairie Trip,2024-05-21,2024-05-24
62,43,Sparkling Boulevard Trip,2024-08-24,2024-09-12
63,30,Quaint Environment Trip,2024-10-31,2024-11-13
64,53,Radiant Dunes Trip,2024-04-17,2024-05-05
65,66,Picturesque Meadow Trip,2024-06-30,2024-07-26
66,93,Curious Prairie Trip,2024-02-11,2024-03-10
67,4,Gentle Jungle Trip,2024-04-17,2024-04-22
68,78,Spiritual Thoroughfare Trip,2024-10-19,2024-10-20
69,38,Majestic Harbor Trip,2024-01-09,2024-02-02
70,48,Charming Highlands Trip,2024-11-11,2024-12-09
71,10,Sunny Square Trip,2024-08-12,2024-09-05
72,78,Gentle Trail Trip,2024-09-07,2024-09-19
73,42,Historic Plateau Trip,2024-09-14,2024-09-20
74,67,Panoramic Glacier Trip,2024-03-25,2024-04-23
75,28,Invigorating Plain Trip,2024-01-18,2024-01-26
76,18,Quaint Taiga Trip,2024-06-21,2024-07-19
77,93,Vibrant Barrens Trip,2024-03-06,2024-03-28
78,36,Mystical Creek Trip,2024-05-11,2024-06-01
79,45,Wild Fjord Trip,2024-07-01,2024-07-11
80,7,Delightful Strait Trip,2024-02-09,2024-02-21
81,22,Picturesque Desert Trip,2024-06-02,2024-06-11
82,24,Unique Rainforest Trip,2024-08-22,2024-08-26
83,68,Idyllic Delta Trip,2024-04-18,2024-05-08
84,98,Cultural Jungle Trip,2024-02-05,2024-02-20
85,90,Lively Temple Trip,2024-09-02,2024-10-01
86,67,Fascinating Stream Trip,2024-12-06,2024-12-22
87,57,Bustling Route Trip,2024-04-27,2024-05-06
88,66,Thrilling Coast Trip,2024-03-05,2024-03-18
89,78,Grand Countryside Trip,2024-07-28,2024-08-27
90,42,Spectacular Creek Trip,2024-08-24,2024-08-31
91,68,Refreshing Market Trip,2024-09-04,2024-09-29
92,16,Majestic Ranch Trip,2024-05-16,2024-06-06
93,49,Secluded Ranch Trip,2024-11-23,2024-12-17
94,51,Cosy Vineyard Trip,2024-04-09,2024-05-03
95,97,Fantastic Mountain Trip,2024-11-08,2024-11-22
96,64,Secret Route Trip,2024-07-16,2024-08-15
97,50,Dreamy Beach Trip,2024-06-11,2024-07-02
98,73,Soothing Inlet Trip,2024-05-12,2024-06-11
99,27,Wild Castle Trip,2024-06-26,2024-07-19
100,21,Dazzling Sanctuary Trip,2024-12-09,2024-12-11
101,46,Alluring Plateau Trip,2024-03-10,2024-03-15
102,76,Cosy Plain Trip,2024-07-12,2024-07-27
103,98,Fascinating Inlet Trip,2024-09-21,2024-09-29
104,66,Spectacular Plain Trip,2024-04-02,2024-04-25
105,34,Tranquil Route Trip,2024-11-04,2024-11-10
106,95,Energetic Woodland Trip,2024-01-27,2024-02-19
107,55,Cherished Park Trip,2024-03-08,2024-03-11
108,98,Idyllic Coast Trip,2024-09-08,2024-09-10
109,87,Delightful Boulevard Trip,2024-08-22,2024-09-20
110,47,Remote Crag Trip,2024-06-27,2024-07-18
111,72,Invigorating Tundra Trip,2024-10-20,2024-11-07
112,36,Alluring Fjord Trip,2024-04-30,2024-05-17
113,54,Spiritual Tundra Trip,2024-10-07,2024-10-31
114,66,Remote Quarry Trip,2024-07-09,2024-08-08
115,80,Pristine Marsh Trip,2024-02-14,2024-03-13
116,88,Dynamic Stream Trip,2024-08-21,2024-09-06
117,94,Mystical Valley Trip,2024-08-26,2024-09-15
118,14,Energetic Taiga Trip,2024-07-19,2024-07-20
119,49,Alluring Oasis Trip,2024-09-15,2024-09-29
120,41,Pristine Volcano Trip,2024-11-08,2024-11-12
121,54,Tranquil Habitat Trip,2024-08-22,2024-08-26
122,62,Spectacular Cove Trip,2024-04-17,2024-05-06
123,89,Exotic Archipelago Trip,2024-09-29,2024-10-12
124,75,Joyful Trail Trip,2024-06-30,2024-07-17
125,73,Secret Quarry Trip,2024-02-18,2024-03-06
126,76,Unique Moor Trip,2024-12-10,2024-12-26
127,98,Serendipitous Savanna Trip,2024-03-26,2024-04-12
128,93,Exotic Promenade Trip,2024-10-25,2024-11-08
129,57,Wonderful Savanna Trip,2024-01-13,2024-02-07
130,88,Wild Canyon Trip,2024-12-13,2025-01-09
131,12,Epic Resort Trip,2024-12-29,2025-01-23
132,12,Rustic Lane Trip,2024-10-23,2024-11-14
133,81,Joyful Quarry Trip,2024-02-13,2024-03-13
134,69,Fantastic Lake Trip,2024-06-18,2024-07-11
135,13,Spiritual Safari Trip,2024-02-29,2024-03-15
136,37,Secret Lane Trip,2024-12-15,2025-01-13
137,6,Wonderful Stream Trip,2024-06-14,2024-07-10
138,79,Tranquil Market Trip,2024-07-25,2024-07-29
139,29,Enigmatic Countryside Trip,2024-02-06,2024-02-12
140,14,Alluring Bay Trip,2024-01-11,2024-02-01
141,41,Thrilling Falls Trip,2024-01-05,2024-01-29
142,72,Energetic Castle Trip,2024-06-26,2024-07-13
143,15,Enchanting Island Trip,2024-02-20,2024-03-15
144,39,Vibrant Forest Trip,2024-04-28,2024-04-30
145,20,Wonderful Estuary Trip,2024-10-13,2024-10-24
146,47,Whimsical Reserve Trip,2024-05-19,2024-06-15
147,38,Secluded Bay Trip,2024-07-28,2024-07-30
148,91,Mystical Barrens Trip,2024-07-17,2024-08-14
149,56,Blissful Loch Trip,2024-01-20,2024-01-22
150,41,Epic Meadow Trip,2024-12-02,2024-12-19
151,91,Curious Estuary Trip,2024-02-27,2024-03-01
152,96,Legendary Castle Trip,2024-10-22,2024-11-10
153,50,Refreshing Dunes Trip,2024-02-17,2024-03-14
154,77,Playful Plain Trip,2024-06-07,2024-06-23
155,50,Energetic Sound Trip,2024-10-18,2024-10-30
156,44,Sparkling Plain Trip,2024-05-10,2024-05-17
157,61,Gentle Glacier Trip,2024-12-09,2025-01-03
158,8,Secret Market Trip,2024-04-27,2024-05-02
159,35,Spectacular Strait Trip,2024-12-13,2025-01-09
160,61,Magical Promenade Trip,2024-08-09,2024-08-10
161,7,Thrilling Habitat Trip,2024-01-31,2024-02-11
162,57,Radiant Sanctuary Trip,2024-04-13,2024-04-17
163,56,Surreal Route Trip,2024-01-21,2024-02-06
164,84,Epic Lane Trip,2024-03-08,2024-03-10
165,16,Secret Swamp Trip,2024-01-05,2024-01-08
166,75,Harmonious Route Trip,2024-10-13,2024-11-01
167,80,Blissful Sound Trip,2024-11-14,2024-12-11
168,42,Tranquil Lagoon Trip,2024-10-26,2024-11-06
169,57,Dreamy Lake Trip,2024-11-19,2024-12-04
170,73,Tranquil Boulevard Trip,2024-11-13,2024-12-01
171,11,Soothing Mountain Trip,2024-11-30,2024-12-30
172,30,Radiant Prairie Trip,2024-11-15,2024-11-19
173,53,Solitary Glacier Trip,2024-10-31,2024-11-18
174,44,Idyllic Glade Trip,2024-03-10,2024-03-24
175,33,Alluring Forest Trip,2024-06-05,2024-06-11
176,67,Surreal Ruins Trip,2024-09-13,2024-09-16
177,78,Refreshing Forest Trip,2024-07-14,2024-07-20
178,31,Divine Sound Trip,2024-07-26,2024-07-30
179,51,Vivid Waterfall Trip,2024-04-20,2024-05-11
180,56,Refreshing Harbor Trip,2024-03-11,2024-03-25
181,44,Romantic Walkway Trip,2024-07-06,2024-07-09
182,55,Majestic Strait Trip,2024-05-14,2024-05-26
183,41,Calm Marsh Trip,2024-06-13,2024-07-13
184,73,Tranquil Safari Trip,2024-06-05,2024-06-29
185,21,Idyllic Volcano Trip,2024-03-29,2024-04-12
186,96,Historic Marsh Trip,2024-11-25,2024-12-25
187,77,Wild Dunes Trip,2024-12-03,2024-12-16
188,16,Refreshing Biosphere Trip,2024-02-08,2024-02-09
189,19,Legendary Promenade Trip,2024-01-14,2024-01-25
190,35,Magical Biosphere Trip,2024-12-17,2025-01-05
191,62,Exquisite Jungle Trip,2024-02-16,2024-03-03
192,58,Serendipitous Garden Trip,2024-05-25,2024-05-29
193,88,Enlightening Park Trip,2024-08-30,2024-09-13
194,5,Thrilling Biosphere Trip,2024-11-11,2024-11-19
195,91,Mystical Ranch Trip,2024-09-18,2024-09-23
196,1,Sparkling Pond Trip,2024-09-13,2024-09-21
197,44,Dazzling Steppe Trip,2024-02-04,2024-02-06
198,71,Fantastic Archipelago Trip,2024-03-25,2024-04-01
199,5,Unique Estuary Trip,2024-09-27,2024-10-07
200,87,Captivating Safari Trip,2024-05-16,2024-05-24
201,50,Enchanting Promenade Trip,2024-12-30,2025-01-10
202,55,Mysterious Swamp Trip,2024-11-21,2024-12-16
203,30,Bustling Depths Trip,2024-06-13,2024-06-18
204,46,Wild Swamp Trip,2024-02-08,2024-03-07
205,85,Fantastic Woodland Trip,2024-10-05,2024-10-28
206,8,Vibrant Boulevard Trip,2024-08-27,2024-09-13
207,75,Thrilling Lowlands Trip,2024-09-03,2024-09-08
208,71,Secluded Tundra Trip,2024-06-23,2024-07-23
209,70,Calm Sound Trip,2024-02-22,2024-02-29
210,33,Curious Pond Trip,2024-11-28,2024-12-01
211,7,Harmonious Falls Trip,2024-12-10,2025-01-07
212,32,Spiritual Tundra Trip,2024-01-02,2024-01-29
213,64,Magical Lagoon Trip,2024-11-09,2024-12-06
214,59,Dreamy Ruins Trip,2024-01-16,2024-01-31
215,95,Enchanting Archipelago Trip,2024-04-18,2024-05-01
216,81,Lush Taiga Trip,2024-06-12,2024-06-22
217,58,Mystic Steppe Trip,2024-06-19,2024-07-06
218,36,Invigorating Mountain Trip,2024-12-21,2024-12-25
219,19,Wild Countryside Trip,2024-09-16,2024-10-14
220,76,Charming Stream Trip,2024-09-05,2024-10-05
221,27,Hidden Savanna Trip,2024-12-29,2025-01-27
222,72,Serendipitous Inlet Trip,2024-12-08,2025-01-05
223,57,Bustling Gulf Trip,2024-06-07,2024-07-07
224,36,Refreshing Beach Trip,2024-06-02,2024-06-17
225,61,Cultural Mountain Trip,2024-01-13,2024-02-09
226,12,Serene Volcano Trip,2024-09-23,2024-10-20
227,78,Vivid Steppe Trip,2024-12-15,2025-01-01
228,9,Magical Lake Trip,2024-07-13,2024-07-31
229,45,Fascinating Lagoon Trip,2024-01-27,2024-02-18
230,59,Magical Savanna Trip,2024-01-20,2024-02-03
231,47,Fascinating Garden Trip,2024-09-06,2024-09-26
232,32,Enchanting Pond Trip,2024-07-14,2024-07-19
233,26,Fascinating Waters Trip,2024-07-05,2024-07-08
234,16,Adventurous Delta Trip,2024-10-03,2024-10-17
235,35,Lush Waterfall Trip,2024-12-08,2024-12-20
236,56,Heavenly Reef Trip,2024-02-01,2024-02-05
237,12,Remote Walkway Trip,2024-03-05,2024-03-21
238,80,Cultural Strait Trip,2024-08-12,2024-08-17
239,82,Divine Volcano Trip,2024-12-21,2025-01-04
240,10,Captivating Jungle Trip,2024-10-07,2024-10-21
241,83,Curious Waters Trip,2024-08-25,2024-09-15
242,38,Pristine Mountain Trip,2024-09-05,2024-10-02
243,15,Exotic Moor Trip,2024-04-14,2024-05-13
244,96,Alluring Beach Trip,2024-05-29,2024-06-22
245,54,Solitary Forest Trip,2024-08-19,2024-09-08
246,23,Exotic Plain Trip,2024-10-05,2024-10-11
247,81,Mystic Crag Trip,2024-07-18,2024-07-27
248,50,Wild Barrens Trip,2024-12-09,2024-12-13
249,82,Spectacular Temple Trip,2024-07-27,2024-08-08
250,76,Ancient Meadow Trip,2024-05-16,2024-05-19
251,61,Fascinating Plain Trip,2024-12-05,2024-12-27
252,2,Romantic Plaza Trip,2024-07-29,2024-08-02
253,1,Charming Island Trip,2024-11-07,2024-11-14
254,3,Wonderful Lane Trip,2024-04-20,2024-05-02
255,45,Vivid Highlands Trip,2024-01-18,2024-02-11
256,29,Historic Habitat Trip,2024-11-29,2024-12-06
257,31,Surreal Estuary Trip,2024-08-16,2024-09-11
258,92,Spectacular Pond Trip,2024-09-22,2024-10-19
259,5,Exotic Savanna Trip,2024-06-05,2024-06-15
260,77,Secret Fjord Trip,2024-02-26,2024-03-19
261,2,Grand Ecosystem Trip,2024-05-03,2024-05-04
262,82,Dynamic Waters Trip,2024-03-05,2024-03-15
263,51,Ancient Bazaar Trip,2024-10-08,2024-10-15
264,57,Peaceful Depths Trip,2024-01-03,2024-01-04
265,71,Serendipitous Gulf Trip,2024-08-06,2024-08-25
266,20,Quaint Coast Trip,2024-06-16,2024-06-30
267,47,Exotic Marsh Trip,2024-08-08,2024-08-23
268,97,Magical Ruins Trip,2024-02-01,2024-02-24
269,4,Vibrant Waterfall Trip,2024-06-25,2024-07-20
270,92,Mystic City Trip,2024-12-12,2024-12-27
271,35,Captivating Jungle Trip,2024-01-24,2024-01-27
272,85,Energetic Tundra Trip,2024-12-31,2025-01-17
273,84,Heavenly Desert Trip,2024-06-15,2024-07-08
274,74,Vibrant Steppe Trip,2024-10-05,2024-10-24
275,99,Remote Steppe Trip,2024-12-09,2024-12-26
276,59,Majestic Glacier Trip,2024-01-12,2024-01-19
277,57,Peaceful Steppe Trip,2024-05-20,2024-06-01
278,27,Rustic Depths Trip,2024-08-27,2024-09-06
279,54,Cherished Pathway Trip,2024-05-25,2024-06-14
280,33,Vivid Market Trip,2024-12-31,2025-01-20
281,57,Enchanted Estuary Trip,2024-02-26,2024-03-26
282,46,Divine Market Trip,2024-07-22,2024-08-09
283,7,Inspiring Bay Trip,2024-10-20,2024-11-10
284,51,Timeless Prairie Trip,2024-02-14,2024-02-23
285,2,Dynamic Biosphere Trip,2024-10-20,2024-11-04
286,94,Wild Boulevard Trip,2024-01-07,2024-01-14
287,8,Enigmatic Savanna Trip,2024-09-22,2024-10-14
288,75,Enigmatic Falls Trip,2024-08-01,2024-08-06
289,85,Alluring Castle Trip,2024-03-19,2024-03-25
290,91,Fantastic Pond Trip,2024-09-07,2024-10-05
291,4,Vibrant Mountain Trip,2024-12-16,2025-01-13
292,6,Solitary Ranch Trip,2024-11-02,2024-11-10
293,30,Historic Mountain Trip,2024-04-27,2024-05-06
294,91,Radiant Sound Trip,2024-04-18,2024-04-23
295,80,Idyllic Route Trip,2024-05-04,2024-05-23
296,94,Solitary Inlet Trip,2024-12-10,2024-12-12
297,43,Delightful Marsh Trip,2024-12-15,2025-01-01
298,98,Grand Marsh Trip,2024-06-24,2024-07-08
299,98,Enigmatic Boulevard Trip,2024-10-26,2024-11-23
300,48,Bustling Ecosystem Trip,2024-04-01,2024-04-20
301,97,Fascinating Trail Trip,2024-11-21,2024-12-01
302,86,Majestic Bay Trip,2024-07-24,2024-08-16
303,90,Soothing Sound Trip,2024-02-20,2024-03-08
304,60,Picturesque City Trip,2024-10-04,2024-10-07
305,20,Remote Brook Trip,2024-03-10,2024-04-09
306,56,Glorious Estuary Trip,2024-08-01,2024-08-18
307,4,Ethereal Oasis Trip,2024-12-16,2024-12-30
308,20,Serene Creek Trip,2024-11-30,2024-12-10
309,5,Enchanted River Trip,2024-04-07,2024-04-27
310,66,Wild Forest Trip,2024-02-08,2024-02-11
311,89,Fascinating Strait Trip,2024-05-07,2024-05-10
312,48,Pristine Woodland Trip,2024-08-28,2024-09-11
313,45,Whimsical Countryside Trip,2024-06-13,2024-06-20
314,86,Thrilling Steppe Trip,2024-02-26,2024-03-02
315,67,Pristine Mountain Trip,2024-09-08,2024-09-28
316,5,Charming Garden Trip,2024-01-28,2024-02-02
317,27,Peaceful Boulevard Trip,2024-07-04,2024-07-09
318,61,Cherished Delta Trip,2024-08-20,2024-08-28
319,99,Pristine Forest Trip,2024-03-11,2024-03-22
320,80,Divine Park Trip,2024-10-23,2024-10-24
321,56,Epic Barrens Trip,2024-07-31,2024-08-11
322,55,Lively Lane Trip,2024-08-13,2024-08-14
323,96,Tranquil Barrens Trip,2024-07-12,2024-07-20
324,32,Enchanted Garden Trip,2024-12-20,2025-01-12
325,88,Sparkling Island Trip,2024-03-12,2024-04-01
326,79,Harmonious Archipelago Trip,2024-08-29,2024-09-11
327,34,Magical Strait Trip,2024-05-24,2024-06-23
328,42,Magical Marsh Trip,2024-04-06,2024-04-22
329,20,Breathtaking Mountain Trip,2024-04-26,2024-05-15
330,33,Lively Gulf Trip,2024-03-02,2024-03-23
331,94,Remote Estuary Trip,2024-06-20,2024-06-26
332,9,Glorious Harbor Trip,2024-06-25,2024-07-11
333,86,Mysterious Route Trip,2024-01-13,2024-02-09
334,44,Mystic Barrens Trip,2024-05-17,2024-05-22
335,49,Captivating Plateau Trip,2024-10-30,2024-11-24
336,40,Fantastic Pathway Trip,2024-02-20,2024-03-02
337,91,Epic Glade Trip,2024-06-19,2024-07-16
338,6,Wonderful Market Trip,2024-12-08,2024-12-14
339,79,Playful Bazaar Trip,2024-04-11,2024-04-23
340,32,Panoramic Ruins Trip,2024-02-01,2024-02-03
341,98,Vivid Waterfall Trip,2024-06-19,2024-06-20
342,48,Adventurous Swamp Trip,2024-04-18,2024-04-28
343,10,Majestic Ruins Trip,2024-12-14,2025-01-08
344,85,Remote Archipelago Trip,2024-07-15,2024-07-16
345,75,Lively City Trip,2024-09-20,2024-10-04
346,12,Bustling Estuary Trip,2024-09-25,2024-10-10
347,51,Vibrant City Trip,2024-10-25,2024-11-20
348,97,Tranquil Waterfall Trip,2024-06-26,2024-07-06
349,89,Enlightening Ranch Trip,2024-03-24,2024-04-14
350,54,Sparkling Mountain Trip,2024-04-28,2024-05-10
351,88,Captivating Ecosystem Trip,2024-12-26,2024-12-30
352,95,Wonderful Gulf Trip,2024-01-24,2024-01-25
353,95,Epic Depths Trip,2024-09-16,2024-09-17
354,85,Enchanting Depths Trip,2024-11-26,2024-12-12
355,90,Cosy Stream Trip,2024-12-23,2025-01-01
356,71,Solitary City Trip,2024-08-24,2024-08-27
357,64,Invigorating Lowlands Trip,2024-06-21,2024-06-23
358,97,Dreamy Meadow Trip,2024-05-27,2024-06-17
359,57,Magical Plateau Trip,2024-03-31,2024-04-09
360,49,Exotic Mountain Trip,2024-10-20,2024-10-28
361,67,Curious Biosphere Trip,2024-02-12,2024-02-15
362,68,Breathtaking Desert Trip,2024-07-21,2024-08-02
363,66,Pristine Highlands Trip,2024-05-18,2024-05-29
364,11,Fascinating Falls Trip,2024-05-01,2024-05-15
365,40,Enigmatic Environment Trip,2024-06-14,2024-06-18
366,7,Captivating Forest Trip,2024-02-15,2024-03-12
367,50,Divine Archipelago Trip,2024-12-09,2024-12-18
368,61,Idyllic Lane Trip,2024-08-15,2024-08-26
369,77,Thrilling Savanna Trip,2024-01-04,2024-01-07
370,68,Panoramic Ranch Trip,2024-07-02,2024-07-27
371,87,Peaceful Promenade Trip,2024-05-14,2024-05-25
372,32,Exquisite Volcano Trip,2024-01-04,2024-01-11
373,15,Spectacular Lane Trip,2024-07-08,2024-08-06
374,82,Whimsical Valley Trip,2024-03-20,2024-04-17
375,88,Cultural Promenade Trip,2024-02-11,2024-02-27
376,75,Serendipitous Square Trip,2024-12-28,2025-01-21
377,55,Delightful Plaza Trip,2024-12-26,2024-12-30
378,58,Ethereal Dunes Trip,2024-03-13,2024-03-21
379,39,Captivating Brook Trip,2024-11-03,2024-11-11
380,63,Enchanting Depths Trip,2024-01-01,2024-01-15
381,64,Fantastic Lagoon Trip,2024-09-17,2024-09-23
382,53,Blissful Stream Trip,2024-10-08,2024-10-23
383,12,Bustling Ranch Trip,2024-07-28,2024-08-16
384,40,Cherished Reef Trip,2024-07-07,2024-07-19
385,13,Pristine Brook Trip,2024-10-07,2024-10-08
386,21,Enchanted Taiga Trip,2024-10-17,2024-11-02
387,12,Unique Rainforest Trip,2024-12-17,2024-12-21
388,98,Secret Safari Trip,2024-09-20,2024-10-05
389,91,Tranquil Waters Trip,2024-09-02,2024-09-17
390,51,Enigmatic Plateau Trip,2024-06-08,2024-06-12
391,71,Surreal Reserve Trip,2024-06-10,2024-06-24
392,75,Sunny Fjord Trip,2024-11-22,2024-12-10
393,81,Grand Moor Trip,2024-03-08,2024-03-31
394,14,Dynamic Archipelago Trip,2024-11-10,2024-11-17
395,42,Harmonious Falls Trip,2024-01-28,2024-02-20
396,96,Blissful Pond Trip,2024-10-01,2024-10-06
397,48,Energetic Market Trip,2024-05-05,2024-05-10
398,69,Soothing Forest Trip,2024-02-18,2024-03-01
399,61,Solitary Pathway Trip,2024-06-25,2024-07-22
400,15,Panoramic Cove Trip,2024-10-28,2024-11-03
401,9,Heavenly Canyon Trip,2024-06-20,2024-07-06
402,66,Vibrant Trail Trip,2024-11-30,2024-12-30
403,39,Curious City Trip,2024-04-16,2024-05-14
404,22,Epic Lake Trip,2024-03-05,2024-04-02
405,40,Dynamic Depths Trip,2024-06-29,2024-07-20
406,81,Inspiring Estuary Trip,2024-02-11,2024-02-13
407,28,Vivid Lagoon Trip,2024-04-02,2024-04-19
408,33,Wonderful Beach Trip,2024-01-03,2024-01-30
409,35,Surreal Lane Trip,2024-06-22,2024-07-11
410,83,Rustic Countryside Trip,2024-01-24,2024-02-04
411,33,Epic Falls Trip,2024-06-02,2024-06-21
412,6,Timeless Waterfall Trip,2024-12-29,2025-01-18
413,54,Ethereal Pond Trip,2024-05-29,2024-06-15
414,24,Alluring Moor Trip,2024-03-12,2024-03-27
415,28,Captivating Thoroughfare Trip,2024-03-04,2024-03-26
416,19,Playful Tundra Trip,2024-05-17,2024-06-12
417,70,Magical Gulf Trip,2024-03-17,2024-04-14
418,80,Tranquil Safari Trip,2024-04-08,2024-04-09
419,50,Spectacular Lagoon Trip,2024-05-23,2024-05-30
420,89,Glorious Market Trip,2024-04-19,2024-05-11
421,9,Pristine Pond Trip,2024-08-17,2024-08-22
422,25,Blissful Cove Trip,2024-07-16,2024-08-13
423,65,Glistening Safari Trip,2024-11-26,2024-12-15
424,69,Divine Temple Trip,2024-09-05,2024-09-30
425,28,Refreshing City Trip,2024-05-14,2024-05-24
426,25,Serendipitous Reserve Trip,2024-01-14,2024-02-10
427,94,Tranquil Moor Trip,2024-11-03,2024-11-28
428,66,Magical Dunes Trip,2024-11-01,2024-11-25
429,70,Ancient Garden Trip,2024-12-07,2025-01-06
430,30,Solitary Forest Trip,2024-08-01,2024-08-16
431,80,Romantic Swamp Trip,2024-03-12,2024-03-15
432,4,Thrilling Valley Trip,2024-03-15,2024-03-31
433,7,Cultural Creek Trip,2024-03-04,2024-03-20
434,52,Refreshing Promenade Trip,2024-09-16,2024-10-01
435,92,Charming Barrens Trip,2024-08-04,2024-09-01
436,86,Enchanting River Trip,2024-07-17,2024-07-25
437,7,Legendary Swamp Trip,2024-11-27,2024-12-10
438,53,Ethereal Cave Trip,2024-02-01,2024-02-05
439,29,Thrilling Plaza Trip,2024-01-16,2024-01-22
440,12,Majestic Creek Trip,2024-02-04,2024-02-24
441,32,Tranquil Bay Trip,2024-09-03,2024-09-12
442,67,Rustic Steppe Trip,2024-03-22,2024-04-21
443,21,Inspiring Quarry Trip,2024-02-20,2024-03-07
444,56,Cultural Inlet Trip,2024-03-30,2024-04-22
445,91,Thrilling Pond Trip,2024-01-27,2024-02-08
446,2,Cherished Square Trip,2024-02-09,2024-02-17
447,4,Thrilling Lake Trip,2024-02-26,2024-03-22
448,15,Radiant Ecosystem Trip,2024-09-21,2024-10-18
449,51,Quaint Depths Trip,2024-02-22,2024-03-20
450,13,Thrilling Ecosystem Trip,2024-03-16,2024-04-04
451,36,Serendipitous Lagoon Trip,2024-06-12,2024-06-28
452,91,Dreamy Jungle Trip,2024-09-06,2024-09-13
453,56,Invigorating Strait Trip,2024-05-10,2024-06-02
454,47,Lively Countryside Trip,2024-01-15,2024-02-10
455,42,Captivating Countryside Trip,2024-02-05,2024-02-08
456,27,Grand Beach Trip,2024-05-29,2024-06-04
457,9,Vibrant Sanctuary Trip,2024-07-07,2024-07-14
458,81,Thrilling Environment Trip,2024-03-08,2024-03-16
459,47,Romantic Brook Trip,2024-01-30,2024-02-14
460,58,Ancient Taiga Trip,2024-11-18,2024-12-02
461,78,Majestic Volcano Trip,2024-01-30,2024-02-16
462,78,Curious Estuary Trip,2024-05-02,2024-05-28
463,71,Secret Plateau Trip,2024-02-28,2024-03-01
464,90,Rustic Steppe Trip,2024-05-11,2024-05-14
465,78,Quaint Plain Trip,2024-07-22,2024-08-02
466,70,Spectacular Bay Trip,2024-10-24,2024-11-23
467,4,Alluring Estuary Trip,2024-11-18,2024-11-24
468,8,Charming Mountain Trip,2024-01-13,2024-01-28
469,88,Exotic Loch Trip,2024-09-22,2024-10-02
470,61,Inspiring Fjord Trip,2024-07-26,2024-08-24
471,78,Serendipitous Inlet Trip,2024-06-29,2024-07-09
472,45,Adventurous Coast Trip,2024-08-11,2024-08-19
473,26,Vivid Desert Trip,2024-03-19,2024-03-25
474,57,Calm Glade Trip,2024-03-28,2024-04-04
475,45,Unique Bay Trip,2024-02-25,2024-03-07
476,60,Glistening Glacier Trip,2024-02-22,2024-03-19
477,11,Cultural Falls Trip,2024-02-26,2024-03-26
478,47,Wonderful Glade Trip,2024-07-31,2024-08-19
479,97,Surreal Oasis Trip,2024-11-13,2024-11-19
480,68,Peaceful Reserve Trip,2024-01-03,2024-01-11
481,55,Ancient Jungle Trip,2024-10-05,2024-10-29
482,73,Majestic Plain Trip,2024-10-01,2024-10-26
483,22,Vibrant Canyon Trip,2024-04-16,2024-05-06
484,11,Majestic Moor Trip,2024-11-04,2024-11-14
485,26,Sunny Meadow Trip,2024-05-28,2024-06-02
486,61,Tranquil Highlands Trip,2024-01-04,2024-01-09
487,89,Lively Strait Trip,2024-06-30,2024-07-07
488,64,Invigorating Route Trip,2024-07-31,2024-08-02
489,30,Sparkling Ecosystem Trip,2024-01-17,2024-02-12
490,36,Unique Castle Trip,2024-02-13,2024-02-28
491,15,Bustling Canyon Trip,2024-10-10,2024-10-15
492,16,Remote Bazaar Trip,2024-11-01,2024-11-30
493,42,Fascinating Lowlands Trip,2024-04-03,2024-05-01
494,43,Curious City Trip,2024-11-21,2024-12-13
495,29,Spectacular Valley Trip,2024-03-07,2024-03-28
496,30,Mysterious Glacier Trip,2024-07-31,2024-08-20
497,20,Wonderful Lane Trip,2024-12-06,2024-12-16
498,83,Lively Glacier Trip,2024-02-21,2024-03-05
499,55,Tranquil Highlands Trip,2024-04-10,2024-05-09
500,14,Epic Dunes Trip,2024-12-01,2024-12-25
501,67,Divine Pond Trip,2024-11-23,2024-12-21
502,11,Exquisite Safari Trip,2024-10-02,2024-10-25
503,18,Wild Resort Trip,2024-11-21,2024-12-03
504,58,Thrilling Reserve Trip,2024-10-06,2024-10-23
505,74,Secret Harbor Trip,2024-08-24,2024-08-26
506,6,Mysterious Plaza Trip,2024-09-25,2024-10-15
507,79,Ethereal River Trip,2024-12-06,2024-12-09
508,13,Curious Pond Trip,2024-12-22,2024-12-29
509,86,Tranquil Lake Trip,2024-05-17,2024-06-09
510,10,Magical Fjord Trip,2024-04-19,2024-05-11
511,62,Picturesque Archipelago Trip,2024-09-06,2024-10-05
512,29,Mystical Sound Trip,2024-02-24,2024-03-19
513,88,Breathtaking Cave Trip,2024-12-26,2025-01-14
514,39,Mysterious Safari Trip,2024-04-16,2024-05-16
515,84,Divine Canyon Trip,2024-11-20,2024-11-23
516,96,Vivid Avenue Trip,2024-08-21,2024-09-08
517,17,Legendary Waters Trip,2024-02-14,2024-02-27
518,16,Panoramic Dunes Trip,2024-07-29,2024-08-15
519,18,Tranquil Walkway Trip,2024-02-17,2024-03-05
520,90,Exotic Moor Trip,2024-05-22,2024-06-09
521,55,Glistening Promenade Trip,2024-05-01,2024-05-04
522,20,Soothing Pond Trip,2024-05-30,2024-06-20
523,78,Remote Glacier Trip,2024-09-11,2024-09-17
524,25,Mystical Fjord Trip,2024-03-21,2024-04-04
525,58,Sunny Park Trip,2024-04-22,2024-05-21
526,59,Energetic Swamp Trip,2024-03-14,2024-04-11
527,28,Divine Fjord Trip,2024-05-19,2024-06-07
528,1,Energetic Walkway Trip,2024-12-06,2025-01-03
529,91,Dazzling Promenade Trip,2024-10-02,2024-10-23
530,14,Inspiring Quarry Trip,2024-10-15,2024-11-08
531,92,Harmonious Tundra Trip,2024-09-17,2024-10-03
532,17,Tranquil Loch Trip,2024-09-17,2024-10-10
533,3,Majestic Crag Trip,2024-11-23,2024-11-26
534,2,Thrilling Cove Trip,2024-10-06,2024-10-14
535,39,Fascinating Avenue Trip,2024-05-21,2024-06-14
536,24,Vibrant Oasis Trip,2024-11-27,2024-12-16
537,42,Hidden Quarry Trip,2024-12-27,2025-01-01
538,56,Secluded Woodland Trip,2024-04-03,2024-04-15
539,76,Vibrant Plateau Trip,2024-06-10,2024-06-26
540,55,Dreamy Environment Trip,2024-08-08,2024-09-05
541,51,Spectacular Temple Trip,2024-10-22,2024-11-18
542,17,Cultural Prairie Trip,2024-12-01,2024-12-03
543,93,Majestic Harbor Trip,2024-01-11,2024-02-10
544,40,Quaint Depths Trip,2024-05-06,2024-05-14
545,64,Vivid Rainforest Trip,2024-12-10,2024-12-31
546,69,Charming Fjord Trip,2024-03-30,2024-04-01
547,33,Charming Forest Trip,2024-03-04,2024-03-17
548,32,Unique Temple Trip,2024-04-10,2024-04-18
549,69,Spectacular Estuary Trip,2024-08-04,2024-08-15
550,17,Dynamic Forest Trip,2024-05-05,2024-05-12
551,79,Captivating Safari Trip,2024-11-09,2024-11-26
552,51,Mysterious City Trip,2024-11-29,2024-11-30
553,43,Enlightening Mountain Trip,2024-06-18,2024-07-18
554,98,Glistening Brook Trip,2024-07-04,2024-07-15
555,34,Enchanting Safari Trip,2024-04-16,2024-05-10
556,89,Whimsical Coast Trip,2024-02-06,2024-02-29
557,9,Majestic Reef Trip,2024-06-23,2024-07-12
558,55,Serene Market Trip,2024-10-19,2024-11-17
559,89,Blissful Lake Trip,2024-01-02,2024-01-05
560,26,Secret Vineyard Trip,2024-05-12,2024-05-27
561,21,Harmonious Volcano Trip,2024-12-25,2025-01-19
562,59,Joyful River Trip,2024-05-04,2024-05-22
563,56,Magical Taiga Trip,2024-07-21,2024-08-10
564,31,Cosy Bazaar Trip,2024-12-15,2025-01-09
565,19,Wild Marsh Trip,2024-11-17,2024-12-08
566,83,Dazzling Falls Trip,2024-04-25,2024-05-10
567,1,Fascinating Waterfall Trip,2024-06-23,2024-07-21
568,25,Exotic Habitat Trip,2024-01-11,2024-01-27
569,21,Adventurous Lagoon Trip,2024-07-28,2024-08-23
570,9,Captivating Fjord Trip,2024-10-05,2024-10-18
571,3,Enchanted Estuary Trip,2024-05-09,2024-05-21
572,68,Remote Estuary Trip,2024-02-01,2024-02-22
573,7,Charming Fjord Trip,2024-10-29,2024-11-25
574,70,Magical Marsh Trip,2024-05-26,2024-06-10
575,61,Charming Countryside Trip,2024-08-28,2024-09-17
576,9,Enchanting Canyon Trip,2024-11-28,2024-12-25
577,12,Enchanting Pathway Trip,2024-02-21,2024-03-20
578,34,Enchanted Savanna Trip,2024-01-28,2024-02-22
579,40,Wonderful Ranch Trip,2024-12-02,2024-12-30
580,61,Exotic Forest Trip,2024-02-02,2024-03-03
581,33,Playful Market Trip,2024-11-14,2024-11-15
582,39,Ancient Countryside Trip,2024-07-17,2024-07-25
583,84,Radiant Plateau Trip,2024-01-20,2024-02-03
584,66,Sunny Trail Trip,2024-02-16,2024-02-26
585,36,Exquisite Cove Trip,2024-10-19,2024-10-21
586,81,Dazzling Lane Trip,2024-06-12,2024-06-28
587,9,Vibrant Valley Trip,2024-04-02,2024-04-14
588,56,Timeless Beach Trip,2024-04-05,2024-04-23
589,48,Surreal Stream Trip,2024-07-30,2024-08-13
590,13,Majestic Bazaar Trip,2024-11-04,2024-11-10
591,30,Heavenly Ruins Trip,2024-02-25,2024-03-07
592,77,Curious Woodland Trip,2024-08-19,2024-09-02
593,68,Wild River Trip,2024-10-15,2024-11-12
594,83,Legendary Oasis Trip,2024-07-10,2024-07-19
595,4,Radiant Creek Trip,2024-04-07,2024-05-01
596,47,Exquisite Sound Trip,2024-07-16,2024-07-20
597,97,Invigorating Square Trip,2024-02-12,2024-02-17
598,73,Whimsical Gulf Trip,2024-09-19,2024-10-07
599,47,Ethereal Steppe Trip,2024-04-23,2024-05-22
600,50,Dazzling Thoroughfare Trip,2024-11-07,2024-11-30
601,69,Harmonious Valley Trip,2024-03-13,2024-03-31
602,88,Secret Tundra Trip,2024-08-03,2024-08-31
603,55,Historic Coast Trip,2024-08-31,2024-09-30
604,24,Mystical Coast Trip,2024-10-03,2024-10-24
605,39,Mystic River Trip,2024-03-24,2024-04-08
606,59,Enchanted Canyon Trip,2024-09-02,2024-09-18
607,58,Secluded Falls Trip,2024-12-14,2024-12-26
608,89,Vibrant Route Trip,2024-03-29,2024-04-17
609,77,Playful Taiga Trip,2024-03-01,2024-03-07
610,86,Surreal Marsh Trip,2024-06-11,2024-06-19
611,77,Inspiring Island Trip,2024-02-18,2024-03-16
612,69,Exotic Lane Trip,2024-02-25,2024-03-12
613,40,Vibrant Jungle Trip,2024-02-29,2024-03-24
614,13,Bustling Countryside Trip,2024-10-19,2024-11-02
615,55,Wonderful Inlet Trip,2024-06-27,2024-07-24
616,86,Tranquil Route Trip,2024-08-10,2024-08-11
617,61,Blissful Woodland Trip,2024-04-18,2024-04-25
618,2,Majestic Woodland Trip,2024-04-08,2024-04-24
619,95,Fascinating Quarry Trip,2024-03-31,2024-04-25
620,29,Tranquil Prairie Trip,2024-04-03,2024-04-13
621,34,Epic Estuary Trip,2024-01-01,2024-01-16
622,68,Magical Plaza Trip,2024-08-02,2024-08-20
623,74,Grand Woodland Trip,2024-08-04,2024-08-18
624,69,Vibrant Waterfall Trip,2024-09-17,2024-09-20
625,33,Dazzling Depths Trip,2024-07-31,2024-08-15
626,22,Pristine Inlet Trip,2024-06-15,2024-07-01
627,32,Vibrant Gulf Trip,2024-08-16,2024-09-13
628,54,Thrilling Square Trip,2024-01-02,2024-01-07
629,58,Mystic Vineyard Trip,2024-10-06,2024-11-03
630,84,Epic Stream Trip,2024-07-04,2024-07-09
631,38,Solitary Estuary Trip,2024-01-28,2024-02-03
632,76,Remote Moor Trip,2024-06-12,2024-06-13
633,23,Fascinating Harbor Trip,2024-09-12,2024-09-22
634,3,Secluded Rainforest Trip,2024-01-18,2024-02-04
635,7,Cosy Lake Trip,2024-10-27,2024-11-17
636,96,Curious Route Trip,2024-10-27,2024-11-19
637,75,Exotic Volcano Trip,2024-02-01,2024-02-13
638,38,Spiritual Mountain Trip,2024-01-23,2024-02-10
639,66,Ancient Canyon Trip,2024-09-26,2024-10-10
640,51,Invigorating Market Trip,2024-11-05,2024-11-10
641,60,Epic Vineyard Trip,2024-10-03,2024-10-16
642,25,Lively Glade Trip,2024-02-18,2024-02-27
643,74,Remote Savanna Trip,2024-04-29,2024-05-12
644,93,Captivating Lagoon Trip,2024-04-12,2024-04-27
645,94,Alluring Lake Trip,2024-05-29,2024-06-27
646,58,Rustic Bay Trip,2024-06-27,2024-07-20
647,10,Divine Glade Trip,2024-05-08,2024-05-11
648,13,Ancient Desert Trip,2024-07-25,2024-07-31
649,35,Grand Safari Trip,2024-02-16,2024-02-24
650,43,Wonderful Highlands Trip,2024-05-24,2024-06-13
651,68,Fascinating Park Trip,2024-11-22,2024-12-17
652,39,Tranquil Crag Trip,2024-11-18,2024-12-04
653,14,Thrilling Resort Trip,2024-03-30,2024-04-26
654,42,Vibrant Island Trip,2024-07-26,2024-07-31
655,70,Panoramic Route Trip,2024-12-13,2025-01-04
656,4,Tranquil Jungle Trip,2024-06-17,2024-06-30
657,57,Curious Island Trip,2024-01-21,2024-02-07
658,15,Secret Mountain Trip,2024-07-31,2024-08-28
659,39,Playful Pathway Trip,2024-12-04,2024-12-29
660,72,Wonderful Cove Trip,2024-05-29,2024-05-31
661,57,Enlightening Route Trip,2024-05-13,2024-05-30
662,1,Serendipitous Safari Trip,2024-12-16,2024-12-22
663,84,Enlightening Lane Trip,2024-11-02,2024-11-21
664,43,Romantic Village Trip,2024-03-16,2024-03-18
665,16,Timeless Safari Trip,2024-07-20,2024-07-21
666,86,Invigorating Temple Trip,2024-12-29,2025-01-21
667,20,Tranquil Steppe Trip,2024-03-12,2024-04-09
668,22,Grand Inlet Trip,2024-10-15,2024-10-20
669,34,Divine Mountain Trip,2024-05-21,2024-06-20
670,49,Romantic Estuary Trip,2024-02-20,2024-02-27
671,59,Bustling Desert Trip,2024-03-22,2024-03-28
672,37,Magical Crag Trip,2024-06-18,2024-07-09
673,31,Cherished Fjord Trip,2024-04-10,2024-04-16
674,31,Serene Avenue Trip,2024-06-22,2024-06-25
675,64,Dazzling Quarry Trip,2024-12-10,2025-01-03
676,91,Vivid Moor Trip,2024-05-27,2024-06-17
677,55,Magical Depths Trip,2024-08-05,2024-08-14
678,72,Glorious Estuary Trip,2024-01-07,2024-01-20
679,63,Tranquil Waters Trip,2024-01-11,2024-01-17
680,29,Hidden Prairie Trip,2024-12-16,2025-01-13
681,73,Fantastic Lowlands Trip,2024-04-24,2024-05-09
682,99,Whimsical Highlands Trip,2024-01-23,2024-02-10
683,56,Thrilling Highlands Trip,2024-07-08,2024-07-17
684,56,Glistening Fjord Trip,2024-04-19,2024-05-16
685,62,Hidden Lake Trip,2024-12-03,2024-12-27
686,1,Thrilling Depths Trip,2024-03-11,2024-03-22
687,76,Captivating Pond Trip,2024-10-09,2024-10-23
688,86,Curious Cave Trip,2024-09-05,2024-09-09
689,54,Enlightening Bay Trip,2024-02-18,2024-03-01
690,97,Wonderful Plain Trip,2024-10-15,2024-10-17
691,31,Panoramic Countryside Trip,2024-12-03,2024-12-30
692,80,Romantic Gulf Trip,2024-09-03,2024-09-12
693,21,Peaceful Trail Trip,2024-06-21,2024-06-22
694,35,Mystical Strait Trip,2024-12-01,2024-12-11
695,74,Enigmatic Prairie Trip,2024-08-23,2024-09-06
696,98,Tranquil Jungle Trip,2024-07-09,2024-07-13
697,56,Mystic Depths Trip,2024-09-13,2024-10-06
698,3,Mystical Bay Trip,2024-06-08,2024-06-14
699,41,Lively Rainforest Trip,2024-03-16,2024-04-04
700,99,Solitary Village Trip,2024-07-31,2024-08-06
701,75,Inspiring Volcano Trip,2024-01-16,2024-01-21
702,18,Lively Avenue Trip,2024-09-19,2024-10-12
703,15,Dreamy Cave Trip,2024-04-27,2024-05-03
704,17,Divine Estuary Trip,2024-01-20,2024-02-16
705,92,Wonderful Route Trip,2024-10-17,2024-11-07
706,27,Refreshing Bazaar Trip,2024-03-23,2024-04-11
707,32,Serene Harbor Trip,2024-11-27,2024-12-21
708,94,Joyful Market Trip,2024-05-12,2024-05-24
709,34,Calm Route Trip,2024-04-19,2024-05-01
710,96,Solitary Savanna Trip,2024-04-04,2024-04-18
711,93,Gentle River Trip,2024-09-30,2024-10-23
712,42,Invigorating Canyon Trip,2024-10-22,2024-11-07
713,94,Thrilling Reserve Trip,2024-10-13,2024-10-14
714,42,Wild Cove Trip,2024-03-02,2024-03-15
715,3,Whimsical Vineyard Trip,2024-07-20,2024-08-05
716,40,Enigmatic Beach Trip,2024-04-02,2024-04-16
717,54,Sunny Boulevard Trip,2024-01-22,2024-02-07
718,5,Romantic Taiga Trip,2024-07-03,2024-07-26
719,18,Serendipitous Vineyard Trip,2024-07-30,2024-08-04
720,65,Vibrant Cave Trip,2024-12-05,2024-12-08
721,6,Radiant Woodland Trip,2024-05-11,2024-05-24
722,41,Heavenly Castle Trip,2024-04-15,2024-05-07
723,73,Bustling Lagoon Trip,2024-10-31,2024-11-13
724,40,Joyful Vineyard Trip,2024-11-18,2024-12-04
725,31,Enchanting Reef Trip,2024-04-24,2024-05-13
726,48,Delightful Valley Trip,2024-02-01,2024-02-25
727,91,Cosy Pond Trip,2024-09-23,2024-10-19
728,96,Adventurous Pond Trip,2024-08-11,2024-08-18
729,58,Pristine Bay Trip,2024-08-05,2024-08-12
730,98,Spiritual Ecosystem Trip,2024-08-25,2024-08-31
731,18,Fascinating Ecosystem Trip,2024-07-03,2024-07-25
732,5,Epic Falls Trip,2024-06-25,2024-07-05
733,22,Cherished Oasis Trip,2024-01-09,2024-02-07
734,15,Spectacular Crag Trip,2024-12-22,2024-12-25
735,18,Tranquil Tundra Trip,2024-03-07,2024-03-23
736,29,Vibrant City Trip,2024-11-04,2024-11-06
737,17,Epic Temple Trip,2024-01-23,2024-01-24
738,91,Cultural Volcano Trip,2024-07-03,2024-07-14
739,21,Wonderful Temple Trip,2024-03-24,2024-04-22
740,42,Pristine Meadow Trip,2024-05-29,2024-06-03
741,67,Exquisite Sound Trip,2024-10-05,2024-10-17
742,6,Dazzling Castle Trip,2024-05-19,2024-05-31
743,28,Joyful Park Trip,2024-05-03,2024-05-15
744,74,Remote Resort Trip,2024-11-20,2024-12-13
745,14,Serene Plateau Trip,2024-11-16,2024-12-04
746,4,Fascinating Falls Trip,2024-01-01,2024-01-20
747,27,Historic Pond Trip,2024-08-20,2024-09-04
748,75,Charming Barrens Trip,2024-06-23,2024-07-17
749,73,Idyllic City Trip,2024-05-16,2024-05-25
750,70,Vivid Taiga Trip,2024-01-05,2024-01-15
751,65,Energetic Boulevard Trip,2024-12-11,2025-01-08
752,13,Tranquil Dunes Trip,2024-03-15,2024-03-25
753,15,Pristine Canyon Trip,2024-09-07,2024-10-07
754,51,Serene Reserve Trip,2024-08-16,2024-08-24
755,64,Joyful Strait Trip,2024-09-03,2024-09-27
756,47,Radiant Prairie Trip,2024-12-13,2025-01-04
757,57,Legendary Swamp Trip,2024-04-11,2024-05-01
758,85,Whimsical Safari Trip,2024-08-01,2024-08-15
759,15,Peaceful Jungle Trip,2024-11-09,2024-12-08
760,73,Spiritual Waterfall Trip,2024-06-03,2024-06-16
761,3,Soothing Highlands Trip,2024-10-01,2024-10-26
762,28,Harmonious Temple Trip,2024-02-24,2024-02-25
763,41,Calm Trail Trip,2024-04-09,2024-05-01
764,71,Calm Pond Trip,2024-11-19,2024-12-19
765,14,Joyful Pathway Trip,2024-06-12,2024-07-03
766,52,Fascinating Thoroughfare Trip,2024-11-11,2024-11-27
767,57,Legendary Barrens Trip,2024-07-14,2024-07-16
768,84,Fascinating Desert Trip,2024-07-15,2024-07-21
769,76,Heavenly Crag Trip,2024-08-29,2024-09-11
770,45,Majestic Bay Trip,2024-02-15,2024-02-27
771,84,Tranquil Forest Trip,2024-09-05,2024-10-01
772,73,Fascinating Mountain Trip,2024-12-16,2025-01-01
773,16,Exquisite Environment Trip,2024-03-26,2024-04-14
774,2,Romantic Avenue Trip,2024-01-02,2024-01-27
775,87,Secluded Countryside Trip,2024-10-07,2024-11-05
776,25,Magical Desert Trip,2024-11-21,2024-12-01
777,58,Serendipitous Walkway Trip,2024-01-03,2024-01-04
778,22,Idyllic Lane Trip,2024-05-13,2024-05-25
779,76,Enigmatic Barrens Trip,2024-06-19,2024-06-30
780,52,Spectacular Trail Trip,2024-01-09,2024-01-19
781,26,Fantastic Lagoon Trip,2024-09-24,2024-10-14
782,54,Legendary Habitat Trip,2024-03-21,2024-03-23
783,80,Blissful Vineyard Trip,2024-12-19,2024-12-28
784,73,Panoramic Route Trip,2024-04-25,2024-05-19
785,8,Thrilling Pond Trip,2024-11-25,2024-12-17
786,60,Historic Lane Trip,2024-01-17,2024-02-04
787,9,Picturesque Estuary Trip,2024-09-22,2024-10-05
788,64,Soothing Plateau Trip,2024-09-22,2024-09-23
789,76,Refreshing Mountain Trip,2024-05-13,2024-06-04
790,9,Vibrant Harbor Trip,2024-07-06,2024-07-23
791,5,Sparkling Beach Trip,2024-09-03,2024-09-08
792,37,Captivating Square Trip,2024-01-04,2024-01-17
793,54,Rustic Habitat Trip,2024-10-02,2024-10-28
794,9,Enchanted Trail Trip,2024-08-07,2024-09-04
795,32,Magical Thoroughfare Trip,2024-11-07,2024-12-05
796,24,Quaint Inlet Trip,2024-05-15,2024-06-04
797,68,Glistening River Trip,2024-12-18,2025-01-03
798,64,Joyful Plain Trip,2024-07-09,2024-07-15
799,79,Spectacular Glacier Trip,2024-12-17,2025-01-06
800,51,Invigorating Harbor Trip,2024-12-29,2025-01-10
801,96,Serene Woodland Trip,2024-01-04,2024-01-14
802,76,Fantastic Village Trip,2024-10-29,2024-11-03
803,86,Secluded Glade Trip,2024-02-02,2024-02-18
804,25,Grand Reef Trip,2024-07-13,2024-08-03
805,30,Vivid Cave Trip,2024-08-19,2024-09-17
806,73,Sparkling Pond Trip,2024-08-28,2024-09-16
807,67,Joyful Moor Trip,2024-02-03,2024-02-16
808,44,Delightful Stream Trip,2024-01-24,2024-02-08
809,15,Heavenly Falls Trip,2024-04-24,2024-05-01
810,66,Sunny Castle Trip,2024-10-23,2024-11-14
811,4,Wild Inlet Trip,2024-02-25,2024-03-08
812,59,Whimsical Woodland Trip,2024-10-25,2024-11-10
813,22,Gentle Lane Trip,2024-09-28,2024-10-28
814,8,Energetic Sanctuary Trip,2024-06-24,2024-07-12
815,41,Serene Waterfall Trip,2024-06-17,2024-07-16
816,66,Fascinating Lowlands Trip,2024-11-13,2024-11-21
817,22,Soothing Cave Trip,2024-10-31,2024-11-16
818,81,Thrilling Trail Trip,2024-02-27,2024-03-26
819,62,Dazzling Ruins Trip,2024-05-17,2024-05-28
820,58,Alluring Safari Trip,2024-06-23,2024-07-20
821,51,Sparkling Dunes Trip,2024-12-20,2025-01-07
822,88,Secluded Steppe Trip,2024-04-10,2024-05-09
823,62,Glorious Bazaar Trip,2024-08-03,2024-08-06
824,98,Dreamy Glacier Trip,2024-11-21,2024-12-05
825,27,Legendary Canyon Trip,2024-05-21,2024-06-18
826,53,Unique Meadow Trip,2024-05-19,2024-06-12
827,97,Majestic Taiga Trip,2024-01-02,2024-01-21
828,62,Fascinating Volcano Trip,2024-09-16,2024-10-06
829,77,Dazzling Reserve Trip,2024-03-13,2024-04-09
830,94,Secluded Trail Trip,2024-01-21,2024-02-01
831,49,Enlightening Crag Trip,2024-02-02,2024-02-07
832,27,Enlightening Tundra Trip,2024-02-21,2024-03-21
833,3,Whimsical Sanctuary Trip,2024-09-29,2024-10-02
834,14,Romantic Highlands Trip,2024-05-19,2024-05-29
835,98,Secluded River Trip,2024-10-23,2024-10-26
836,49,Historic Brook Trip,2024-10-08,2024-10-14
837,37,Solitary Ranch Trip,2024-08-31,2024-09-04
838,76,Secret Vineyard Trip,2024-01-25,2024-02-04
839,56,Tranquil Inlet Trip,2024-05-12,2024-05-20
840,42,Calm Environment Trip,2024-09-19,2024-10-16
841,91,Timeless Savanna Trip,2024-10-19,2024-11-01
842,87,Whimsical Garden Trip,2024-05-10,2024-05-26
843,41,Radiant Thoroughfare Trip,2024-06-30,2024-07-18
844,87,Tranquil Village Trip,2024-06-27,2024-07-03
845,60,Serene Meadow Trip,2024-05-18,2024-05-29
846,86,Majestic Steppe Trip,2024-05-23,2024-06-18
847,65,Refreshing Ranch Trip,2024-11-29,2024-12-03
848,33,Quaint River Trip,2024-04-07,2024-04-21
849,45,Captivating Sound Trip,2024-10-11,2024-10-27
850,87,Dynamic Jungle Trip,2024-03-06,2024-03-25
851,14,Adventurous Canyon Trip,2024-11-23,2024-12-17
852,56,Ethereal Glacier Trip,2024-06-19,2024-07-19
853,26,Invigorating Jungle Trip,2024-02-29,2024-03-17
854,9,Timeless Forest Trip,2024-04-14,2024-05-02
855,34,Peaceful Jungle Trip,2024-07-01,2024-07-03
856,53,Surreal Estuary Trip,2024-12-04,2024-12-18
857,53,Breathtaking Estuary Trip,2024-03-17,2024-03-21
858,32,Wild Quarry Trip,2024-12-03,2024-12-24
859,40,Unique Plateau Trip,2024-04-06,2024-05-03
860,4,Grand Rainforest Trip,2024-01-16,2024-01-26
861,32,Sunny Mountain Trip,2024-03-04,2024-04-02
862,84,Invigorating Mountain Trip,2024-01-19,2024-01-20
863,34,Unique Bay Trip,2024-03-20,2024-04-04
864,97,Playful Ecosystem Trip,2024-07-15,2024-08-09
865,1,Vibrant Promenade Trip,2024-07-12,2024-08-04
866,49,Delightful Glade Trip,2024-01-13,2024-01-19
867,8,Calm Mountain Trip,2024-04-13,2024-04-21
868,62,Timeless Square Trip,2024-01-12,2024-01-22
869,41,Glistening Savanna Trip,2024-06-16,2024-06-25
870,12,Surreal Creek Trip,2024-10-19,2024-10-30
871,5,Dreamy Falls Trip,2024-12-22,2025-01-09
872,47,Whimsical Village Trip,2024-05-16,2024-05-31
873,10,Fascinating Tundra Trip,2024-03-02,2024-03-29
874,31,Idyllic Fjord Trip,2024-06-06,2024-06-30
875,64,Tranquil Temple Trip,2024-08-11,2024-09-01
876,71,Captivating Oasis Trip,2024-05-08,2024-05-28
877,43,Breathtaking Sanctuary Trip,2024-11-05,2024-11-21
878,95,Fantastic Prairie Trip,2024-12-31,2025-01-15
879,2,Rustic Waterfall Trip,2024-02-27,2024-02-28
880,23,Dazzling Lowlands Trip,2024-10-16,2024-11-01
881,1,Panoramic Beach Trip,2024-10-01,2024-10-06
882,76,Tranquil Countryside Trip,2024-04-21,2024-05-03
883,81,Harmonious Moor Trip,2024-07-14,2024-08-04
884,1,Enlightening Ecosystem Trip,2024-07-13,2024-07-29
885,56,Vivid Bay Trip,2024-07-06,2024-07-16
886,25,Serene Brook Trip,2024-12-12,2024-12-26
887,36,Historic Thoroughfare Trip,2024-07-12,2024-07-24
888,82,Vibrant Brook Trip,2024-06-14,2024-06-29
889,32,Magical Cove Trip,2024-01-19,2024-02-06
890,15,Lush Plaza Trip,2024-02-04,2024-02-16
891,85,Idyllic Cove Trip,2024-05-27,2024-06-03
892,40,Sunny Dunes Trip,2024-04-16,2024-04-29
893,71,Bustling Safari Trip,2024-12-10,2025-01-01
894,35,Alluring Plateau Trip,2024-03-04,2024-04-03
895,9,Cultural Volcano Trip,2024-07-23,2024-07-29
896,91,Refreshing Lake Trip,2024-07-10,2024-08-01
897,35,Fascinating Loch Trip,2024-05-05,2024-05-16
898,54,Glorious Pond Trip,2024-07-31,2024-08-13
899,99,Dynamic Habitat Trip,2024-12-25,2025-01-19
900,74,Rustic Safari Trip,2024-06-09,2024-06-15
901,77,Curious Moor Trip,2024-11-27,2024-12-01
902,37,Lively Plaza Trip,2024-03-09,2024-03-25
903,26,Heavenly Square Trip,2024-02-04,2024-03-03
904,22,Wild Glacier Trip,2024-05-18,2024-06-12
905,99,Spectacular Glade Trip,2024-04-29,2024-05-08
906,82,Remote Estuary Trip,2024-12-13,2025-01-02
907,35,Lush River Trip,2024-12-03,2024-12-25
908,27,Vibrant Plain Trip,2024-04-17,2024-05-10
909,54,Refreshing Savanna Trip,2024-08-11,2024-09-01
910,84,Idyllic Harbor Trip,2024-07-27,2024-08-16
911,17,Lush Environment Trip,2024-07-11,2024-07-25
912,78,Peaceful Stream Trip,2024-04-11,2024-05-06
913,32,Legendary City Trip,2024-05-01,2024-05-22
914,6,Vibrant Walkway Trip,2024-07-27,2024-08-07
915,3,Cultural Square Trip,2024-09-24,2024-10-07
916,43,Divine Highlands Trip,2024-04-18,2024-04-23
917,72,Glistening Creek Trip,2024-07-02,2024-07-27
918,64,Enigmatic Park Trip,2024-05-22,2024-06-14
919,13,Panoramic Rainforest Trip,2024-10-31,2024-11-12
920,25,Charming Route Trip,2024-06-21,2024-06-24
921,22,Sunny Canyon Trip,2024-03-12,2024-03-18
922,58,Romantic Inlet Trip,2024-09-19,2024-10-09
923,50,Exotic Promenade Trip,2024-04-16,2024-05-06
924,67,Thrilling Coast Trip,2024-06-05,2024-07-02
925,45,Tranquil Depths Trip,2024-09-13,2024-10-10
926,3,Tranquil Garden Trip,2024-08-17,2024-09-07
927,51,Serendipitous Valley Trip,2024-08-12,2024-09-04
928,74,Sunny Bazaar Trip,2024-07-02,2024-07-08
929,8,Sparkling Bay Trip,2024-10-21,2024-11-10
930,72,Historic Environment Trip,2024-08-04,2024-08-16
931,96,Grand Steppe Trip,2024-01-13,2024-01-30
932,50,Historic Promenade Trip,2024-02-08,2024-02-16
933,38,Spectacular Walkway Trip,2024-08-17,2024-09-12
934,87,Hidden Canyon Trip,2024-04-21,2024-05-03
935,37,Captivating Sanctuary Trip,2024-09-29,2024-10-11
936,95,Wonderful Brook Trip,2024-03-15,2024-04-10
937,71,Panoramic Strait Trip,2024-05-09,2024-06-06
938,50,Tranquil Safari Trip,2024-03-19,2024-04-11
939,76,Wild Park Trip,2024-09-19,2024-09-30
940,25,Magical Habitat Trip,2024-03-19,2024-03-29
941,33,Peaceful Plaza Trip,2024-07-06,2024-07-19
942,44,Historic River Trip,2024-05-23,2024-06-16
943,13,Ancient Canyon Trip,2024-04-08,2024-05-01
944,58,Enchanted Barrens Trip,2024-01-23,2024-02-15
945,37,Energetic Loch Trip,2024-05-13,2024-05-24
946,77,Spiritual Canyon Trip,2024-05-22,2024-05-26
947,61,Magical City Trip,2024-05-24,2024-06-19
948,21,Picturesque Park Trip,2024-10-19,2024-10-21
949,74,Vibrant Highlands Trip,2024-07-01,2024-07-11
950,9,Serene Bazaar Trip,2024-05-05,2024-06-04
951,31,Exotic Walkway Trip,2024-10-04,2024-10-26
952,51,Historic Rainforest Trip,2024-07-09,2024-08-04
953,30,Wonderful Oasis Trip,2024-12-31,2025-01-05
954,46,Adventurous Vineyard Trip,2024-10-26,2024-11-03
955,58,Spectacular Waterfall Trip,2024-06-13,2024-06-14
956,31,Vibrant Quarry Trip,2024-04-29,2024-05-27
957,10,Serendipitous Lagoon Trip,2024-04-07,2024-04-20
958,93,Adventurous Garden Trip,2024-01-08,2024-01-26
959,81,Pristine Temple Trip,2024-03-02,2024-03-06
960,58,Alluring Vineyard Trip,2024-10-19,2024-11-17
961,17,Lively Lagoon Trip,2024-11-02,2024-11-11
962,78,Unique Promenade Trip,2024-06-25,2024-07-21
963,87,Radiant Valley Trip,2024-01-30,2024-02-06
964,63,Surreal Pond Trip,2024-03-15,2024-03-30
965,14,Enlightening Lane Trip,2024-01-29,2024-02-22
966,86,Glistening Fjord Trip,2024-11-13,2024-11-19
967,80,Glorious Crag Trip,2024-04-06,2024-05-02
968,13,Fascinating Steppe Trip,2024-04-05,2024-04-16
969,34,Ethereal Oasis Trip,2024-09-09,2024-09-17
970,65,Ancient Moor Trip,2024-07-27,2024-08-10
971,79,Breathtaking Creek Trip,2024-10-13,2024-11-06
972,88,Secluded Moor Trip,2024-09-07,2024-09-11
973,8,Enlightening Glacier Trip,2024-05-30,2024-06-28
974,88,Legendary Safari Trip,2024-11-16,2024-11-25
975,57,Enlightening Reef Trip,2024-02-16,2024-02-28
976,98,Magical Swamp Trip,2024-02-12,2024-02-29
977,79,Captivating Marsh Trip,2024-04-03,2024-04-22
978,64,Mystical Castle Trip,2024-03-21,2024-03-23
979,81,Exquisite Resort Trip,2024-08-05,2024-08-24
980,21,Remote Strait Trip,2024-01-28,2024-02-09
981,31,Refreshing Reserve Trip,2024-09-05,2024-10-03
982,91,Mystical Rainforest Trip,2024-12-02,2024-12-22
983,85,Hidden Pathway Trip,2024-07-21,2024-08-11
984,26,Romantic Resort Trip,2024-04-05,2024-04-19
985,70,Blissful Quarry Trip,2024-06-17,2024-06-20
986,27,Calm Moor Trip,2024-01-14,2024-02-11
987,5,Hidden Countryside Trip,2024-09-04,2024-09-06
988,48,Heavenly Savanna Trip,2024-02-20,2024-03-13
989,48,Glorious Barrens Trip,2024-07-05,2024-07-25
990,84,Unique Avenue Trip,2024-06-18,2024-07-03
991,79,Dazzling Garden Trip,2024-05-23,2024-06-22
992,62,Cultural Jungle Trip,2024-02-10,2024-02-24
993,59,Thrilling Dunes Trip,2024-02-09,2024-02-27
994,52,Harmonious Plain Trip,2024-01-08,2024-01-10
995,54,Dynamic Walkway Trip,2024-09-23,2024-10-12
996,22,Captivating Resort Trip,2024-05-14,2024-05-23
997,17,Surreal Falls Trip,2024-11-05,2024-11-14
998,10,Timeless Brook Trip,2024-01-04,2024-01-23
999,13,Exquisite Meadow Trip,2024-08-29,2024-08-30
1000,40,Epic Walkway Trip,2024-03-22,2024-04-20
